Daily Change Average,Total Volume,Volatility
0.055297275950467864,5340506474,1.196405012400541
0.07937833158332798,6344216413,1.1813485561018637
0.005578219776921446,6326543583,1.3170576452233775
0.0636896185862856,6155163125,1.2964090514205207
0.09617012899680466,6299812304,1.2048169922017393
