Daily Change Average,Total Volume,Volatility
-0.03184967851346154,1944303330000,1.2640275061560358
0.09238194701234566,2263254950000,1.3113509284899532
0.02486613188771932,2309170830000,1.3249122032725438
0.03239570598207891,2288745840000,1.3991521154832747
0.014265956407942247,2231038560000,1.2508491035515814
