Daily Change Average,Total Volume,Volatility
0.010230824356371472,18717517474,1.8784899469015643
0.12144743134758638,20638733999,1.7613804973204836
0.16911217646725854,21642498680,1.8038693713933476
-0.0011876132286875172,21009440773,1.8211639667761372
0.05916069828542661,22139053068,1.7611070327503402
