Daily Change Average,Total Volume,Volatility
0.03347279139103813,34074026721,1.5171057921717281
0.031089587358366873,39569452987,1.60671893210503
0.059989755632202206,43511294806,1.7378603901476553
0.0019628743053443417,41368386521,1.6805087307322548
-0.02505687993002638,40790737146,1.5709954578783134
